{"cameraMode":{"drawMode":0,"name":"Shaded","section":"Shading Mode"},"sceneLighting":false,"audioPlay":false,"sceneViewState":{"m_AlwaysRefresh":false,"showFog":true,"showSkybox":false,"showFlares":true,"showImageEffects":true,"showParticleSystems":true,"showVisualEffectGraphs":true,"m_FxEnabled":true},"in2DMode":false,"pivot":{"x":12.304646492004395,"y":0.2788980007171631,"z":-11.418281555175782},"rotation":{"x":-0.7192961573600769,"y":0.0045832302421331409,"z":-0.004745217971503735,"w":-0.694674015045166},"size":14.204330444335938,"orthographic":false}